Row,Keteleeria,Agathis,Nageia,Sciadopitys,Cephalotaxus,Cunninghamia
1,0,0,1,0,1,0
2,0,0,0,0,1,0
3,0,0,0,1,1,1
4,0,1,0,0,1,1
5,0,1,0,0,1,0
6,0,0,1,1,1,1
7,0,0,0,0,1,0
8,0,0,0,0,0,1
9,0,0,0,0,0,1
10,0,0,0,0,0,1
11,0,0,1,0,1,0
12,0,0,1,0,0,0
13,0,0,0,0,0,1
14,1,0,0,1,1,1
15,0,0,1,0,0,0
16,0,0,0,0,1,1
17,0,0,1,0,0,0
18,0,1,0,0,1,0
19,0,0,0,0,1,1
20,0,0,0,0,0,1
21,1,0,0,0,0,0
22,0,0,0,0,1,0
23,0,0,0,0,0,1
24,0,0,1,0,1,0
25,0,0,0,0,1,0
26,0,0,1,0,1,1
27,0,0,0,1,0,1
28,0,0,0,0,1,1
29,0,0,0,0,0,1
30,0,0,1,0,0,0
31,0,0,0,0,1,0
32,0,1,0,0,1,1
33,0,0,0,0,1,1
34,0,0,1,0,0,0
35,0,1,0,1,1,1
36,0,0,1,0,0,0
37,0,0,0,0,1,1
38,0,0,0,1,1,0
39,0,1,0,1,1,1
40,0,0,0,0,1,0
41,0,0,0,0,0,1
42,0,0,0,0,1,1
43,0,0,1,0,0,0
44,0,0,0,0,0,1
45,0,0,0,1,1,1
46,0,1,0,0,1,1
47,0,0,0,0,1,1
48,0,1,0,1,1,1
49,0,0,1,0,1,1
50,0,0,0,0,1,0
51,0,0,1,0,0,0
52,0,0,1,0,0,1
53,0,0,0,1,0,0
54,0,1,1,1,1,1
55,0,0,0,0,0,1
56,0,0,0,0,0,1
57,0,0,1,1,0,0
58,0,0,0,0,0,1
59,1,0,0,0,1,1
60,0,0,0,1,1,0
61,0,1,0,0,0,0
62,0,1,0,0,1,0
63,0,0,1,0,0,0
64,1,1,0,1,0,1
65,1,1,1,0,0,1
66,0,0,0,0,1,0
67,1,0,0,0,0,0
68,0,1,0,0,0,0
69,0,0,0,1,0,0
70,0,0,0,0,1,0
71,1,1,1,0,0,1
72,1,1,1,1,1,1
73,1,0,0,0,0,0
74,0,0,0,0,0,1
75,1,1,0,0,1,1
76,1,0,1,0,1,1
77,1,0,0,0,1,0
78,0,0,0,1,0,0
79,1,1,1,0,1,1
80,1,1,0,0,1,1
81,1,0,0,0,0,0
82,0,0,0,1,0,0
83,1,0,0,0,0,1
84,0,0,1,0,0,0
85,1,0,0,1,1,0
86,1,0,0,0,0,0
87,1,1,1,1,1,1
88,1,1,1,1,1,1
89,1,0,0,0,0,0
90,1,0,0,0,0,0
91,1,1,1,1,1,1
92,1,0,0,1,0,0
93,0,0,0,1,1,1
94,1,0,1,1,1,1
95,0,0,1,0,1,1
96,1,0,1,1,1,1
97,1,0,1,1,1,1
98,1,1,1,1,1,1
99,0,0,0,0,0,1
100,0,0,1,0,0,1
101,0,0,0,1,1,1
102,1,0,1,1,1,1
103,1,0,0,0,0,0
104,1,0,0,0,0,0
105,0,0,0,0,1,0
106,0,0,0,0,1,0
107,1,1,1,1,0,1
108,0,0,0,1,0,0
109,0,0,0,0,0,1
110,0,0,0,0,1,1
111,0,0,0,0,1,0
112,1,0,0,1,0,1
113,1,0,0,0,0,0
114,0,0,1,0,1,1
115,1,0,0,0,0,0
116,1,0,0,0,0,0
117,1,0,0,0,0,0
118,1,0,1,0,0,0
119,0,0,0,1,0,0
120,0,0,0,0,0,1
121,0,0,0,0,0,1
122,0,0,0,0,0,1
123,1,0,0,0,0,0
124,1,0,0,0,0,0
125,0,0,0,0,0,1
126,1,0,1,0,1,1
127,1,0,0,0,0,0
128,0,1,0,0,1,1
129,0,1,0,1,0,0
130,1,0,0,0,0,0
131,1,0,0,0,1,1
132,0,0,1,0,0,0
133,1,0,0,1,0,0
134,1,0,0,0,0,0
135,1,1,0,1,1,1
136,1,0,0,0,0,0
137,1,1,1,0,0,0
138,0,1,1,0,0,0
139,1,1,1,0,0,0
140,1,1,1,0,0,1
141,1,1,1,1,1,1
142,1,0,1,1,1,1
143,1,0,0,0,0,0
144,0,0,1,0,0,0
145,1,0,0,0,1,1
146,1,0,0,0,0,0
147,0,0,1,0,0,0
148,0,0,1,0,0,1
149,0,0,1,0,0,1
150,1,1,0,1,1,1
151,0,0,0,0,0,1
152,0,0,1,0,0,0
153,0,1,0,0,0,0
154,0,0,1,0,0,0
155,0,0,1,0,0,0
156,1,0,1,1,0,0
157,1,0,0,0,0,0
158,0,0,1,1,1,1
159,0,0,0,0,1,1
160,0,0,0,1,1,1
161,1,0,0,0,0,0
162,0,1,0,0,1,1
163,1,0,0,0,0,0
164,0,0,1,1,1,1
165,1,0,0,0,0,0
166,1,0,1,1,1,0
167,1,1,0,0,1,1
168,1,0,0,0,0,0
169,1,1,1,1,1,1
170,1,0,0,0,0,0
171,0,0,0,0,1,0
172,0,0,1,0,0,0
173,1,0,0,0,0,0
174,0,0,0,0,0,1
175,1,0,0,0,0,0
176,1,0,0,0,0,0
177,1,1,1,1,1,1
178,1,0,0,0,0,0
179,0,0,1,0,0,0
180,0,0,1,0,0,0
181,1,0,1,0,0,0
182,0,0,0,0,1,0
183,1,0,1,0,0,1
184,0,1,0,0,0,1
185,1,1,0,0,0,0
186,1,0,0,0,0,0
187,0,1,0,0,0,0
188,0,1,0,0,0,0
189,1,0,1,1,1,1
190,0,1,1,1,0,0
191,0,0,1,0,0,0
192,0,1,0,1,1,1
193,1,1,0,1,1,1
194,0,0,0,1,0,0
195,1,0,0,0,0,0
196,1,0,1,0,0,0
197,1,0,1,1,1,1
198,1,0,0,0,0,0
199,1,0,0,0,0,0
200,0,0,0,1,0,0
201,1,0,1,0,0,0
202,0,0,1,0,0,0
203,1,1,1,0,1,1
204,0,0,1,0,0,0
205,1,0,0,0,0,0
206,1,0,0,0,1,1
207,0,0,0,0,1,0
208,0,0,0,0,1,1
209,1,0,1,1,1,0
210,0,1,0,0,0,0
211,0,0,1,0,1,1
212,1,0,0,0,0,0
213,1,1,1,1,1,1
214,1,0,0,0,1,1
215,0,0,0,0,1,0
216,0,0,0,0,1,0
217,1,0,0,0,0,0
218,1,0,0,0,0,0
219,0,1,0,0,0,0
220,1,0,0,0,0,0
221,1,0,0,0,0,0
222,0,1,1,0,0,1
223,0,0,1,0,0,0
224,0,0,0,0,1,0
225,0,0,0,0,0,1
226,0,0,1,0,0,1
227,0,0,0,0,1,1
228,0,0,0,0,1,1
229,1,1,0,1,1,1
230,0,0,0,0,0,1
231,1,0,0,0,0,0
232,1,1,1,0,0,0
233,0,0,0,0,1,1
234,0,0,0,0,1,1
235,0,0,1,0,1,1
236,1,1,0,1,1,1
237,1,0,0,0,0,0
238,1,0,0,1,0,1
239,0,0,1,1,1,1
240,1,0,0,0,0,0
241,0,0,1,0,1,1
242,1,0,1,1,0,1
243,0,0,1,1,1,0
244,0,1,1,1,1,1
245,0,0,1,0,0,1
246,1,0,0,0,0,1
247,1,1,0,0,1,1
248,0,0,1,0,0,1
249,0,0,0,0,1,1
250,0,1,0,0,0,0
251,0,0,0,0,1,1
252,0,0,0,0,1,0
253,0,0,0,0,1,1
254,0,0,0,0,0,1
255,1,1,0,1,1,1
256,1,0,0,0,0,0
257,0,0,1,0,0,0
258,0,1,0,0,0,0
259,1,1,0,0,1,1
260,1,1,0,1,1,0
261,0,0,0,0,1,1
262,0,0,0,1,0,1
263,0,0,1,0,0,0
264,0,0,0,0,0,1
265,0,0,0,0,0,1
266,0,0,1,1,0,1
267,0,0,1,0,0,0
268,0,0,1,0,0,0
269,0,0,0,0,0,1
270,1,0,0,1,0,1
271,1,0,1,1,1,1
272,1,0,0,0,0,0
273,0,0,1,0,0,0
274,1,1,0,1,0,1
275,1,0,0,0,0,0
276,1,1,1,0,0,1
277,1,0,1,0,0,1
278,0,0,1,1,0,1
279,0,0,1,1,0,1
280,0,1,0,0,0,0
281,0,0,1,0,0,0
282,0,1,0,0,0,0
283,0,0,0,1,0,1
284,1,0,1,0,0,0
285,0,0,1,0,0,0
286,1,0,0,0,0,0
287,1,0,0,0,0,1
288,1,0,0,0,0,0
289,1,0,1,1,0,1
290,0,1,0,1,0,1
291,1,0,1,1,0,1
292,0,0,1,1,0,0
293,0,0,0,0,0,1
294,0,0,1,0,0,0
295,0,0,0,0,0,1
296,0,0,1,0,0,0
297,0,0,0,0,0,1
298,0,1,1,1,0,1
299,0,0,0,0,0,1
300,0,0,0,1,0,0
301,1,0,1,1,1,1
302,0,1,1,0,0,0
303,1,1,0,1,0,1
304,1,0,1,0,0,0
305,0,0,0,1,0,0
306,1,0,1,0,0,0
307,0,1,1,0,0,0
308,1,1,1,1,1,1
309,1,0,0,0,0,1
310,0,0,1,0,0,0
311,1,0,0,0,1,1
312,1,0,1,0,0,0
313,0,1,1,1,0,1
314,1,0,0,0,0,0
315,0,1,1,1,0,1
316,0,0,0,0,1,1
317,0,0,1,0,0,0
318,1,1,1,1,1,1
319,1,1,0,1,0,1
320,1,0,0,0,0,0
321,0,0,1,0,0,0
322,1,1,1,1,0,1
323,1,1,1,0,0,0
324,1,0,0,1,0,1
325,1,0,0,1,0,1
326,1,1,1,1,0,1
327,0,0,0,0,0,1
328,1,1,1,1,0,0
329,1,1,1,1,1,1
330,1,1,1,1,1,0
331,1,0,0,0,0,0
332,1,1,1,1,0,1
333,0,1,0,1,0,1
334,0,0,1,0,0,0
335,1,1,1,1,0,1
336,0,0,1,0,0,0
337,0,0,1,0,0,0
338,1,0,0,0,0,0
339,1,0,0,0,0,0
340,0,0,0,0,0,1
341,0,0,1,0,0,0
342,0,0,0,1,0,0
343,1,0,0,0,0,1
344,1,0,0,0,0,0
345,1,0,0,1,1,1
346,1,0,0,0,0,0
347,0,0,0,1,1,1
348,0,0,0,0,1,1
349,1,0,1,0,0,0
350,1,0,1,0,0,0
351,1,0,1,0,0,0
352,1,0,0,0,0,0
353,0,0,0,0,0,1
354,1,1,0,1,1,1
355,0,0,1,0,0,0
356,0,0,0,0,1,0
357,0,0,0,0,1,0
358,1,0,1,1,0,0
359,0,0,1,0,0,0
360,0,0,0,0,1,0
361,0,0,1,0,1,1
362,1,0,1,0,0,0
363,1,0,1,0,0,0
364,0,0,1,0,0,0
365,1,0,0,0,0,0
366,1,0,0,0,0,0
367,0,0,1,0,0,0
368,0,0,0,1,0,0
369,1,0,0,0,1,1
370,0,0,0,0,0,1
371,0,0,0,0,1,1
372,0,1,0,0,0,0
373,1,0,1,1,1,1
374,0,0,1,0,1,1
375,1,0,0,0,0,0
376,0,0,1,1,1,1
377,0,0,1,0,0,0
378,1,0,0,0,1,1
379,1,0,0,0,1,0
380,1,0,0,0,0,0
381,0,0,0,0,1,1
382,0,0,1,1,0,0
383,1,0,1,1,1,0
384,1,0,0,0,0,0
385,1,0,1,0,0,0
386,0,0,0,0,1,1
387,1,0,1,0,0,0
388,1,0,0,0,0,0
389,1,0,1,1,0,0
390,0,0,1,0,0,0
391,1,0,0,1,1,1
392,1,0,1,0,0,1
393,1,0,1,0,0,0
394,0,0,0,0,1,0
395,0,0,0,0,1,1
396,0,0,1,0,0,0
397,0,0,1,0,0,1
398,1,0,1,0,1,1
399,0,0,1,1,1,1
400,1,0,0,0,0,0
401,1,0,0,0,0,0
402,1,0,1,0,0,0
403,1,0,0,1,1,1
404,0,0,0,0,1,0
405,0,0,0,1,0,0
406,1,0,0,0,0,0
407,0,0,0,1,1,1
408,0,0,1,0,0,0
409,0,0,1,0,0,0
410,0,0,1,0,0,0
411,0,0,0,0,1,1
412,0,0,1,1,1,1
413,0,0,1,1,1,1
414,0,0,0,0,1,0
415,1,0,0,0,0,0
416,1,0,0,1,1,1
417,1,0,0,0,0,0
418,0,0,0,0,1,0
419,1,0,1,0,0,0
420,1,0,0,1,1,1
421,0,0,0,0,0,1
422,0,0,1,0,0,0
423,1,0,0,0,0,0
424,0,0,0,1,0,0
425,1,1,1,1,1,1
426,0,1,0,0,0,0
427,0,0,0,0,1,1
428,1,1,0,0,1,1
429,0,0,1,0,0,0
430,0,1,0,1,1,1
431,1,0,0,0,0,0
432,1,0,0,0,0,0
433,1,1,0,1,1,1
434,1,1,1,1,1,1
435,1,1,1,1,0,1
436,1,1,1,1,1,1
437,1,0,1,0,1,1
438,1,1,1,1,1,0
439,1,1,1,1,0,1
440,0,0,0,0,1,0
441,0,0,0,0,1,0
442,1,1,1,1,0,1
443,1,1,1,1,1,1
444,0,0,0,0,1,0
445,0,0,0,0,1,0
446,0,1,1,0,1,1
447,0,0,1,0,0,0
448,0,0,0,1,0,0
449,1,0,1,1,1,1
450,0,0,0,1,1,1
451,1,0,0,0,0,0
452,0,0,1,1,0,1
453,1,1,0,1,0,1
454,0,0,0,1,0,0
455,0,0,0,0,0,1
456,1,1,1,1,1,0
457,0,0,1,1,1,1
458,1,1,0,0,0,0
459,1,1,0,0,0,0
460,1,0,1,0,0,0
461,0,0,0,1,0,0
462,0,1,0,0,0,0
463,1,0,0,1,1,1
464,0,0,0,1,0,0
465,0,0,0,0,1,0
466,0,0,0,1,1,1
467,0,0,0,0,1,0
468,0,0,0,0,0,1
469,0,1,0,1,0,0
470,1,0,0,0,0,0
471,0,0,1,0,0,0
472,0,1,0,0,0,0
473,1,0,0,1,0,0
474,0,0,0,0,0,1
475,0,0,0,0,0,1
476,0,0,1,0,0,0
477,0,0,0,0,0,1
478,0,0,1,0,0,0
479,0,0,0,1,0,0
480,0,0,1,0,0,0
481,1,0,0,0,0,0
482,1,1,0,1,0,0
483,0,0,1,0,0,1
484,1,0,0,0,0,0
485,0,0,0,0,0,1
486,0,0,0,0,0,1
487,0,0,0,0,0,1
488,1,1,1,1,1,1
489,0,1,1,1,1,1
490,1,1,1,1,1,1
491,1,0,1,0,0,1
492,0,0,0,1,0,0
493,1,1,0,0,1,1
494,0,0,0,0,1,0
495,0,0,0,0,0,1
496,1,1,0,1,1,1
497,1,1,1,0,0,0
498,0,0,0,0,0,1
499,0,0,0,1,0,0
500,1,1,1,1,1,1
501,1,1,1,1,1,1
502,1,1,1,1,1,1
503,1,0,0,0,1,1
504,0,0,0,0,1,1
505,0,0,0,0,0,1
506,1,0,0,0,0,1
507,1,1,1,1,1,1
508,1,1,1,1,1,1
509,0,0,0,0,1,0
510,0,0,0,0,1,0
511,0,0,0,0,1,0
512,0,0,0,0,1,0
513,0,0,0,0,1,0
514,0,0,0,0,1,0
515,0,0,0,0,1,0
516,0,0,0,0,1,0
517,0,0,0,0,1,0
518,0,0,0,0,1,0
519,0,0,0,0,1,0
520,0,0,0,0,1,0
521,0,0,0,0,1,0
522,0,0,0,0,1,0
523,0,0,0,0,1,0
524,0,0,0,0,1,0
525,0,0,0,0,1,0
526,0,0,0,0,1,0
527,0,0,0,0,1,0
528,0,0,0,0,1,0
529,0,0,0,0,1,0
530,0,0,0,0,1,0
531,0,0,0,0,1,0
532,0,0,0,0,1,0
533,0,0,0,0,1,0
534,0,0,0,0,1,0
535,0,0,0,0,1,0
536,0,0,0,0,1,0
537,0,0,0,0,1,0
538,0,0,0,0,1,0
539,0,0,0,0,1,0
540,0,0,0,0,1,0
541,0,0,0,0,1,0
542,0,0,1,0,0,0
543,0,0,1,0,0,0
544,1,0,1,0,0,1
545,0,1,1,0,0,1
546,1,0,0,0,0,0
547,1,0,0,0,0,0
548,1,1,1,0,0,1
549,0,1,0,0,0,1
550,0,0,1,0,0,0
551,0,1,1,0,0,0
552,1,1,1,0,0,1
553,0,1,0,0,0,0
554,0,0,1,0,0,0
555,0,0,1,0,0,0
556,1,1,1,0,0,1
557,1,1,0,0,0,1
558,1,1,1,0,0,1
559,1,1,1,0,0,1
560,0,0,0,0,0,1
561,1,1,1,0,0,1
562,0,1,0,0,0,0
563,0,0,1,0,0,0
564,0,1,1,0,0,0
565,0,0,1,0,0,1
566,0,1,1,0,0,0
567,1,1,1,0,0,1
568,1,1,1,0,0,1
569,1,1,0,0,0,1
570,1,1,1,0,0,1
571,1,1,1,0,0,1
572,1,1,1,0,0,1
573,1,0,0,0,0,0
574,1,0,0,0,0,0
575,1,0,0,0,0,0
576,1,1,1,0,0,1
577,1,0,0,0,0,0
578,1,0,0,0,0,0
579,1,0,0,0,0,0
580,0,0,0,0,0,1
581,1,0,0,0,0,0
582,0,0,0,1,0,0
583,1,0,0,0,0,0
584,0,0,0,0,0,1
585,0,0,0,0,0,1
586,0,1,0,0,0,0
587,1,0,0,1,0,0
588,0,0,1,0,0,0
589,1,0,0,1,0,1
590,1,0,0,0,0,0
591,1,0,1,1,0,1
592,1,0,1,0,0,0
593,1,1,1,0,0,0
594,0,0,1,0,0,0
595,0,1,1,0,0,0
596,1,0,0,0,0,0
597,0,1,1,0,0,0
598,0,1,0,1,1,1
599,0,0,0,0,0,1
600,0,0,0,0,0,1
601,0,0,0,0,1,0
602,0,0,0,0,1,0
603,0,0,0,0,0,1
604,1,0,1,1,1,1
605,0,0,0,0,0,1
606,1,0,0,0,1,1
607,0,0,1,0,1,0
608,1,1,0,1,1,1
609,1,0,0,0,0,0
610,1,1,1,1,1,1
611,1,1,1,1,1,1
612,1,1,1,1,1,1
613,1,1,0,1,1,1
614,1,0,0,0,0,0
615,1,0,1,0,0,0
616,0,0,1,0,0,0
617,1,1,0,0,1,1
618,1,1,1,1,1,1
619,0,0,0,0,1,1
620,0,0,0,0,0,1
621,0,0,0,1,0,0
622,1,1,1,1,1,1
623,0,0,1,0,0,0
624,1,0,0,1,1,1
625,1,0,1,1,1,0
626,0,0,1,0,1,1
627,0,1,0,0,0,0
628,1,1,1,0,1,0
629,1,0,0,1,0,0
630,1,1,0,0,0,0
631,1,1,1,0,0,0
632,0,0,0,1,0,0
633,1,1,1,0,1,1
634,1,0,0,0,1,0
635,0,1,0,0,0,0
636,0,0,0,0,1,1
637,0,0,1,0,0,0
638,0,0,0,1,1,1
639,0,0,0,0,0,1
640,1,0,0,0,0,0
641,0,0,0,0,0,1
642,1,0,0,0,0,0
643,1,0,0,0,0,0
644,0,0,1,0,0,0
645,1,0,0,0,0,0
646,0,0,0,0,1,1
647,0,0,0,0,1,1
648,0,0,0,0,1,1
649,1,0,0,0,1,1
650,1,0,1,0,0,0
651,1,0,1,0,1,1
652,0,0,0,0,1,0
653,0,0,1,0,0,0
654,1,1,1,1,1,1
655,0,0,1,0,1,0
656,0,0,0,1,1,1
657,0,1,1,0,0,1
658,0,1,1,0,0,0
659,0,0,0,0,1,1
660,1,0,0,1,0,0
661,1,0,1,1,0,0
662,1,0,0,0,0,0
663,1,0,0,0,0,0
664,1,0,0,0,0,0
665,1,0,1,0,0,0
666,0,0,0,1,0,0
667,0,1,0,0,0,0
668,0,0,0,0,1,1
669,0,0,0,0,1,1
670,0,1,0,1,1,1
671,0,0,0,0,1,1
672,1,0,0,0,1,1
673,1,0,0,0,0,0
674,0,0,1,0,1,1
675,0,0,0,0,1,1
676,0,0,0,0,1,1
677,0,1,0,0,0,0
678,0,0,1,1,1,1
679,0,0,0,0,0,1
680,1,0,0,1,1,1
681,1,0,0,0,1,1
682,0,0,0,0,1,0
683,0,0,1,0,0,0
684,0,0,0,0,0,1
685,1,0,0,0,0,0
686,0,1,0,0,0,0
687,0,0,0,0,1,1
688,1,0,0,0,0,0
689,0,0,0,0,1,0
690,1,0,0,0,1,1
691,1,0,0,0,0,0
692,0,0,1,0,1,1
693,1,0,1,0,0,0
694,1,1,0,1,1,1
695,0,1,1,1,0,1
696,0,1,0,0,0,0
697,1,0,0,0,0,0
698,1,0,0,0,0,0
699,0,0,1,0,0,0
700,0,0,0,1,0,0
701,0,1,0,0,0,0
702,1,0,0,0,0,1
703,1,0,0,0,0,0
704,0,0,1,0,0,0
705,0,0,0,0,0,1
706,1,0,0,0,0,0
707,1,0,1,0,1,1
708,0,0,0,0,1,1
709,1,0,0,0,0,0
710,1,0,0,0,0,0
711,0,0,1,0,0,0
712,1,0,0,0,0,0
713,0,0,0,0,1,1
714,1,0,0,0,0,0
715,0,0,1,0,0,0
716,1,1,1,1,1,1
717,1,1,1,0,1,0
718,1,0,1,1,1,1
719,1,0,1,0,0,0
720,1,0,0,0,0,0
721,0,0,0,0,1,1
722,0,0,0,0,1,1
723,0,0,0,0,0,1
724,1,0,0,0,0,0
725,0,0,1,0,0,0
726,1,0,0,0,0,0
727,1,0,0,0,0,0
728,1,0,0,1,0,1
729,1,0,0,0,1,1
730,1,1,0,1,0,0
731,0,0,1,0,1,0
732,0,0,0,0,1,1
733,1,1,1,1,1,1
734,1,0,0,0,0,0
735,0,1,0,1,1,1
736,0,0,1,0,1,0
737,0,0,0,0,1,0
738,0,0,1,0,0,0
739,1,0,1,0,0,0
740,1,0,0,0,0,0
741,0,0,1,0,0,0
742,1,0,0,0,0,0
743,1,0,0,0,0,0
744,1,0,0,0,0,0
745,1,0,1,0,0,0
746,0,1,0,0,0,1
747,1,0,0,0,0,0
748,1,0,0,0,0,0
749,0,1,1,0,1,0
750,0,1,0,0,0,1
751,1,0,0,0,0,0
752,0,0,1,0,1,0
753,1,0,0,0,0,0
754,1,0,0,0,0,0
755,1,0,1,0,1,1
756,1,0,1,0,1,1
757,1,0,0,0,0,0
758,0,0,1,0,0,0
759,0,0,0,0,1,0
760,1,0,1,1,1,1
761,1,0,0,0,0,0
762,1,0,0,0,0,1
763,1,0,0,0,0,0
764,1,0,1,0,0,0
765,0,0,0,0,1,1
766,0,1,0,0,0,0
767,0,0,1,0,0,1
768,0,0,0,0,0,1
769,0,0,1,0,0,0
770,1,0,0,0,0,1
771,1,0,0,0,0,0
772,0,0,1,0,0,0
773,1,0,0,0,0,0
774,1,0,0,0,0,0
775,1,0,0,0,1,1
776,1,0,0,0,0,1
777,1,0,0,0,1,1
778,1,0,1,0,1,1
779,0,0,0,0,0,1
780,0,0,0,0,0,1
781,0,0,0,0,0,1
782,0,0,0,0,0,1
783,1,1,0,1,0,1
784,0,1,0,0,0,0
785,1,0,1,0,0,1
786,1,0,0,0,0,0
787,1,0,0,0,0,0
788,1,0,0,0,1,0
789,0,0,0,0,0,1
790,0,0,0,0,0,1
791,1,1,0,0,1,1
792,1,0,0,0,1,1
793,1,0,0,0,0,0
794,0,1,0,0,1,0
795,0,0,1,1,0,0
796,0,0,1,0,1,1
797,1,0,0,0,0,1
798,0,1,0,0,0,0
799,0,0,1,0,0,0
800,0,0,0,0,1,0
801,1,0,1,0,0,1
802,1,0,0,0,0,0
803,1,0,0,1,0,1
804,0,0,0,0,1,0
805,0,0,1,0,0,1
806,0,0,1,0,0,0
807,1,0,0,0,0,0
808,1,0,1,0,1,1
809,0,1,1,0,0,1
810,0,0,0,0,0,1
811,1,0,0,0,0,1
812,1,0,1,0,0,0
813,0,0,0,0,0,1
814,1,0,0,0,0,0
815,0,0,0,1,1,1
816,0,0,0,0,0,1
817,1,1,1,0,0,0
818,0,0,0,0,1,1
819,0,0,0,1,1,1
820,0,0,0,0,1,1
821,1,0,1,0,0,0
822,0,0,1,0,0,0
823,1,0,1,0,0,0
824,0,0,1,0,0,0
825,0,0,1,0,0,0
826,1,0,0,0,0,0
827,1,0,0,0,0,0
828,0,0,1,0,0,0
829,0,0,0,0,1,0
830,0,0,1,0,1,1
831,1,0,0,0,0,0
832,0,0,0,1,0,0
833,1,0,1,0,0,1
834,1,0,0,0,0,0
835,1,1,1,0,0,0
836,1,1,1,1,1,0
837,0,0,1,1,1,1
838,1,0,0,0,0,0
839,1,0,0,0,1,1
840,1,0,0,0,0,0
841,0,0,0,0,1,1
842,1,1,1,0,1,1
843,0,1,0,0,1,1
844,0,0,1,0,0,0
845,1,0,0,0,0,0
846,0,0,0,1,1,1
847,1,0,1,0,1,1
848,1,0,0,0,0,0
849,1,0,0,0,1,1
850,0,0,0,0,0,1
851,0,1,1,0,0,0
852,0,1,0,0,0,0
853,1,1,1,0,0,0
854,1,0,0,0,1,1
855,0,0,0,0,1,0
856,0,1,1,0,1,1
857,1,0,1,0,0,0
858,0,0,1,0,1,1
859,1,0,1,0,0,1
860,1,1,1,1,1,1
861,0,0,1,1,1,0
862,0,0,0,0,1,1
863,1,1,1,0,0,0
864,1,1,1,0,0,0
865,0,1,0,0,0,0
866,0,1,0,0,0,0
867,1,0,0,0,0,0
868,0,0,0,0,1,0
869,1,1,0,0,1,1
870,1,0,0,0,0,0
871,1,0,1,1,1,1
872,1,0,0,0,0,0
873,0,0,1,0,1,1
874,0,0,1,0,0,0
875,0,0,1,0,1,0
876,1,0,0,0,0,0
877,0,0,0,0,0,1
878,1,0,1,1,1,1
879,1,1,0,1,0,0
880,0,0,0,1,0,0
881,0,0,1,0,1,0
882,0,0,0,0,0,1
883,1,0,0,0,0,0
884,1,0,0,0,0,0
885,1,0,0,0,0,0
886,1,0,0,0,0,0
887,0,0,1,0,0,0
888,1,0,0,0,0,0
889,1,0,0,0,0,0
890,0,1,1,0,0,0
891,0,0,0,1,0,0
892,0,0,0,0,0,1
893,0,1,0,0,0,0
894,0,0,0,0,0,1
895,0,0,0,0,1,0
896,0,0,0,0,1,0
897,0,0,0,1,0,0
898,0,0,1,0,0,0
899,0,1,1,1,1,1
900,0,1,0,1,1,1
901,0,0,1,0,0,1
902,0,1,1,1,1,1
903,0,0,0,0,1,0
904,0,1,0,1,1,1
905,1,1,1,1,1,1
906,0,0,0,0,1,1
907,0,0,1,0,0,0
908,0,1,1,0,0,0
909,0,0,0,0,0,1
910,1,1,1,1,1,1
911,1,0,0,0,0,0
912,1,1,1,0,0,1
913,1,1,0,1,1,1
914,0,1,0,0,0,0
915,1,0,0,0,1,1
916,0,0,1,1,1,0
917,1,0,1,1,1,1
918,0,0,1,0,0,0
919,0,0,1,0,0,0
920,0,0,0,0,1,0
921,1,0,0,0,0,0
922,1,1,1,1,1,0
923,1,1,1,1,1,1
924,0,0,1,0,1,0
925,0,0,0,1,1,1
926,0,0,1,0,0,0
927,1,0,1,0,1,1
928,0,0,1,0,0,0
929,0,0,1,1,1,1
930,1,1,1,0,0,0
931,1,0,0,0,0,0
932,0,0,1,0,0,0
933,1,0,0,0,0,0
934,1,0,0,0,0,0
935,1,1,1,1,1,1
936,1,0,0,0,0,0
937,1,0,1,0,0,0
938,0,0,1,0,0,0
939,1,0,0,0,0,0
940,1,0,0,0,0,0
941,0,0,0,0,1,1
942,0,0,0,0,1,0
943,0,0,0,1,0,0
944,1,0,0,0,0,0
945,1,0,0,0,0,0
946,1,0,0,0,0,0
947,0,0,0,0,1,1
948,0,0,0,0,1,0
949,1,0,0,0,0,0
950,0,0,0,0,0,1
951,1,0,0,0,1,1
952,1,0,0,0,0,0
953,1,0,0,1,0,0
954,0,0,0,0,1,1
955,1,0,0,1,0,0
956,0,0,0,0,1,1
957,0,0,0,0,1,1
958,1,0,0,0,0,0
959,1,0,1,0,0,0
960,1,0,1,0,1,1
961,1,0,1,0,0,0
962,0,0,1,1,0,0
963,1,1,0,0,0,1
964,0,0,1,0,0,0
965,1,1,0,0,0,0
966,1,0,0,1,0,0
967,1,0,0,0,0,0
968,0,0,0,0,0,1
969,0,0,0,0,1,0
970,0,0,0,0,0,1
971,1,0,0,0,0,0
972,0,1,0,0,0,1
973,1,0,0,0,0,0
974,0,0,0,0,1,1
975,0,0,0,1,0,0
976,1,0,0,0,0,0
977,0,0,1,0,0,0
978,0,0,0,0,0,1
979,0,0,0,0,0,1
980,0,0,0,0,1,1
981,1,0,0,0,0,0
982,1,0,0,0,0,0
983,1,0,0,0,0,0
984,1,0,0,0,0,0
985,0,0,0,0,1,1
986,0,0,0,0,0,1
987,0,0,0,0,1,1
988,0,0,1,0,0,1
989,1,1,0,0,0,0
990,0,0,0,0,1,0
991,1,0,0,1,1,1
992,1,0,0,1,0,0
993,0,0,0,1,0,0
994,1,1,0,1,1,1
995,0,0,1,0,0,0
996,1,0,0,0,0,0
997,0,0,0,1,1,1
998,0,0,1,0,0,0
999,0,0,0,1,0,0
1000,1,0,0,0,0,0
1001,0,0,0,0,0,1
1002,0,0,0,0,0,1
1003,1,0,0,1,0,1
1004,1,0,0,0,0,1
1005,1,1,0,1,1,1
1006,1,0,0,0,0,0
1007,0,0,0,0,0,1
1008,0,0,1,0,0,0
1009,1,0,0,1,1,0
1010,0,0,0,0,0,1
1011,0,0,0,0,0,1
1012,0,0,0,0,0,1
1013,0,0,0,0,0,1
1014,0,0,0,0,0,1
1015,0,0,1,0,0,0
1016,1,0,0,0,0,0
1017,1,0,0,0,0,0
1018,1,0,0,0,0,0
1019,0,0,1,0,0,0
1020,1,1,0,0,0,0
1021,1,0,1,0,0,0
1022,0,0,1,0,0,0
1023,0,1,0,0,0,0
1024,0,0,1,0,0,0
1025,0,0,0,1,0,0
1026,0,0,1,0,0,0
1027,1,0,0,0,0,0
1028,1,0,0,0,0,0
1029,1,0,0,0,0,1
1030,0,0,1,0,0,1
1031,1,0,0,0,0,0
1032,1,0,0,0,0,0
1033,0,0,0,0,0,1
1034,0,0,0,0,0,1
1035,1,0,0,0,1,1
1036,1,0,0,0,0,0
1037,0,0,0,0,1,1
1038,1,0,0,0,1,1
1039,0,0,0,0,0,1
1040,1,0,0,0,0,0
1041,0,0,0,0,1,1
1042,1,0,0,0,0,1
1043,0,0,1,0,0,0
1044,1,0,1,0,1,1
1045,1,0,0,0,1,1
1046,0,0,1,0,0,0
1047,1,0,0,0,0,0
1048,1,0,0,0,0,0
1049,0,1,0,0,1,1
1050,0,1,0,0,0,0
1051,1,0,0,0,0,0
1052,1,0,0,1,0,0
1053,1,1,1,1,1,0
1054,1,1,0,1,1,0
1055,1,0,1,0,0,0
1056,0,1,1,0,0,0
1057,0,0,0,0,0,1
1058,1,0,0,0,0,0
1059,0,1,1,1,0,1
1060,1,0,1,1,1,1
1061,0,1,0,0,0,1
1062,1,0,1,0,0,0
1063,1,0,1,1,0,1
1064,0,0,1,0,0,0
1065,1,1,0,1,1,1
1066,0,1,0,0,0,0
1067,1,1,0,1,0,1
1068,0,0,0,1,0,1
1069,0,1,0,1,1,1
1070,1,1,1,0,0,0
1071,0,1,1,0,0,1
1072,0,0,1,0,0,0
1073,1,1,1,0,1,0
1074,0,0,0,0,1,1
1075,0,0,1,0,0,0
1076,1,1,0,1,0,0
1077,1,1,0,0,0,0
1078,1,1,1,0,1,0
1079,1,1,1,0,1,1
1080,1,1,0,1,1,1
1081,0,1,1,1,0,0
1082,1,1,0,0,0,0
1083,0,0,1,0,0,0
1084,0,0,0,0,1,0
1085,1,1,1,0,1,1
1086,1,1,0,0,1,1
1087,0,0,1,0,0,0
1088,0,0,1,0,0,0
1089,0,0,0,0,0,1
1090,1,0,1,1,1,1
1091,0,1,0,0,0,0
1092,0,1,0,0,0,0
1093,0,0,1,0,0,0
1094,1,0,0,0,1,0
1095,0,0,0,0,1,0
1096,1,1,0,0,1,0
1097,1,0,0,0,1,0
1098,1,0,0,1,1,1
1099,1,1,1,0,1,1
1100,1,0,1,0,0,0
1101,0,1,1,0,0,0
1102,0,0,1,0,0,0
1103,0,0,0,0,0,1
1104,1,1,1,1,1,1
1105,0,1,0,0,0,0
1106,1,1,1,0,1,0
1107,1,1,1,1,1,0
1108,1,0,1,0,0,1
1109,1,0,1,1,1,0
1110,0,0,1,0,0,0
1111,0,0,0,0,0,1
1112,1,1,1,0,1,1
1113,1,0,0,1,1,1
1114,0,0,1,0,0,0
1115,1,1,0,1,1,0
1116,0,1,1,1,1,0
1117,0,0,0,1,1,1
1118,0,0,0,0,1,0
1119,1,1,1,1,1,1
1120,1,1,1,1,1,1
1121,0,1,0,1,1,1
1122,1,1,1,1,1,1
1123,0,0,0,1,1,1
1124,0,0,1,0,0,0
1125,1,1,1,1,1,1
1126,1,1,1,1,1,1
1127,1,1,0,0,0,0
1128,0,0,0,0,1,1
1129,0,0,0,0,0,1
1130,0,0,1,0,0,0
1131,0,0,0,0,0,1
1132,0,0,1,0,0,0
1133,0,1,0,1,0,0
1134,0,0,0,0,0,1
1135,1,0,0,1,0,0
1136,1,1,0,1,1,1
1137,1,1,1,1,1,1
1138,1,1,0,0,0,0
1139,0,0,0,0,1,1
1140,0,0,0,0,1,1
1141,1,1,1,1,1,1
1142,0,0,0,0,1,0
1143,0,0,0,0,0,1
1144,0,0,0,0,0,1
1145,0,0,0,1,1,1
1146,0,0,0,0,0,1
1147,1,0,0,0,0,0
1148,1,1,1,1,1,1
1149,0,0,0,0,1,0
1150,0,0,0,1,1,1
1151,0,1,0,0,1,1
1152,0,0,0,1,1,1
1153,1,1,1,1,1,1
1154,0,0,0,0,1,0
1155,0,1,0,1,1,1
1156,0,0,1,0,0,0
1157,0,0,1,0,0,0
1158,1,1,1,1,1,1
1159,0,0,1,0,0,1
1160,0,0,0,1,0,1
1161,0,0,0,0,0,1
1162,0,1,1,1,1,1
1163,0,0,1,1,1,0
1164,1,1,1,1,1,1
1165,0,1,0,0,1,0
1166,1,1,1,1,1,1
1167,0,0,1,0,0,1
1168,1,0,1,0,1,1
1169,0,0,0,1,0,1
1170,1,0,0,1,1,1
1171,0,0,1,0,0,0
1172,0,1,0,0,0,0
1173,0,0,1,0,0,0
1174,0,0,0,0,0,1
1175,0,1,1,1,1,1
1176,0,0,0,0,1,1
1177,0,1,0,0,1,0
1178,0,0,0,0,1,1
1179,0,0,1,0,0,0
1180,0,1,1,0,0,0
1181,0,1,0,1,1,1
1182,1,1,1,1,1,0
1183,0,1,1,1,1,1
1184,0,1,1,1,1,1
1185,0,0,1,1,1,0
1186,0,0,1,0,0,0
1187,1,0,0,1,1,1
1188,0,1,0,0,1,1
1189,0,0,0,1,1,1
1190,0,1,1,0,0,0
1191,0,1,1,1,1,1
1192,1,1,1,1,1,1
1193,1,1,1,0,1,1
1194,0,1,1,1,1,1
1195,1,0,0,0,0,0
1196,1,0,0,0,0,0
1197,1,0,1,0,0,0
1198,1,1,1,1,1,1
1199,1,0,0,1,1,1
1200,1,0,0,0,0,0
1201,1,0,0,0,0,0
1202,1,0,0,1,0,1
1203,0,0,0,1,1,1
1204,0,0,1,1,1,1
1205,0,1,0,1,0,0
1206,0,0,1,0,0,0
1207,1,0,0,0,0,0
1208,0,1,1,1,1,1
1209,1,1,0,1,1,1
1210,1,0,0,0,0,0
1211,0,0,1,0,0,0
1212,0,0,1,0,0,0
1213,0,0,0,0,0,1
1214,0,0,1,0,0,0
1215,0,0,0,0,1,1
1216,1,0,1,0,0,1
1217,1,0,0,1,0,1
1218,0,0,1,0,0,0
1219,0,0,1,0,0,0
1220,0,1,1,1,1,1
1221,1,0,1,1,1,1
1222,1,0,0,0,0,0
1223,0,0,0,0,1,1
1224,1,1,1,1,1,1
1225,0,1,0,1,1,1
1226,1,0,1,0,1,1
1227,1,0,0,0,0,0
1228,1,0,0,0,0,0
1229,0,0,1,0,0,0
1230,1,0,1,0,0,0
1231,0,0,0,0,1,0
1232,1,0,0,0,0,0
1233,0,0,0,0,0,1
1234,1,0,0,0,0,0
1235,0,0,0,0,0,1
1236,0,0,0,0,0,1
1237,1,0,0,0,0,0
1238,0,0,0,0,1,0
1239,1,0,0,0,0,0
1240,0,0,0,0,1,0
1241,0,0,0,0,1,0
1242,1,0,0,1,1,1
1243,1,0,0,0,0,0
1244,1,1,0,0,1,1
1245,1,0,0,0,0,0
1246,0,0,0,0,0,1
1247,0,0,1,0,0,0
1248,0,1,0,0,1,1
1249,1,0,0,0,0,0
1250,1,0,0,0,0,0
1251,0,0,0,0,1,0
1252,1,1,1,0,1,1
1253,0,0,0,0,0,1
1254,1,0,0,0,0,0
1255,1,0,0,0,1,1
1256,0,0,1,0,0,0
1257,1,0,0,0,0,0
1258,0,0,0,1,0,0
1259,1,0,0,0,0,0
1260,1,1,1,0,0,0
1261,0,0,0,0,1,1
1262,1,0,1,0,0,1
1263,1,0,0,0,0,0
1264,0,0,0,0,1,1
1265,1,0,0,0,0,0
1266,1,0,0,0,0,0
1267,0,0,0,0,0,1
1268,0,0,1,0,0,0
1269,1,0,0,1,0,1
1270,1,0,0,0,0,0
1271,0,0,0,0,0,1
1272,1,0,0,0,0,0
1273,1,0,0,1,0,0
1274,1,0,0,0,0,0
1275,1,0,0,1,1,1
1276,0,0,1,0,0,0
1277,0,0,0,1,0,0
1278,0,0,1,0,0,0
1279,0,0,0,0,0,1
1280,1,1,0,1,1,1
1281,0,0,1,0,1,1
1282,0,0,0,0,1,1
1283,0,1,0,1,1,1
1284,0,1,0,1,1,1
1285,0,0,0,0,0,1
1286,1,1,1,1,1,1
1287,1,1,1,1,1,1
1288,1,1,1,1,1,1
1289,0,0,0,1,1,1
1290,0,1,1,1,1,1
1291,1,1,1,1,1,1
1292,1,1,1,1,1,1
1293,1,1,0,1,1,1
1294,0,0,1,0,0,0
1295,0,0,0,0,0,1
1296,0,0,0,1,0,0
1297,1,1,1,1,1,1
1298,1,1,1,0,0,1
1299,1,1,1,1,1,1
1300,1,0,1,0,1,1
1301,0,0,1,0,0,0
1302,1,0,1,1,1,1
1303,1,1,0,1,1,1
1304,0,0,0,0,1,0
1305,0,1,0,1,1,1
1306,0,0,1,0,0,0
1307,0,1,0,0,1,1
1308,0,0,0,0,1,1
1309,1,1,0,1,1,1
1310,0,0,1,1,0,0
1311,1,1,0,1,1,1
1312,0,1,0,1,0,0
1313,0,0,0,0,1,1
1314,0,1,1,1,1,1
1315,1,1,1,0,1,1
1316,0,0,0,1,0,1
1317,0,0,0,1,0,0
1318,0,0,0,1,0,0
1319,0,0,0,1,1,1
1320,1,0,0,1,1,1
1321,1,1,1,1,1,0
1322,0,0,0,0,1,1
1323,1,0,0,1,1,1
1324,1,0,0,1,1,1
1325,1,0,0,1,1,0
1326,0,0,0,0,1,0
1327,0,0,0,0,1,0
1328,0,1,0,0,0,0
1329,1,1,1,0,1,0
1330,0,0,0,1,0,1
1331,0,0,0,1,0,1
1332,1,1,1,1,1,1
1333,1,0,0,0,0,0
1334,0,0,1,0,0,0
1335,1,0,1,1,1,1
1336,1,1,0,1,1,1
1337,0,0,0,0,1,1
1338,1,1,1,1,1,1
1339,0,1,0,1,1,1
1340,0,0,1,1,1,1
1341,0,0,0,0,0,1
1342,0,0,1,0,0,0
1343,0,0,0,1,0,0
1344,1,1,1,0,0,0
1345,0,0,1,0,1,1
1346,1,0,0,0,0,1
1347,0,0,1,0,0,0
1348,1,0,1,0,0,0
1349,1,0,0,0,0,0
1350,0,0,1,0,0,0
1351,0,0,1,0,0,0
1352,1,0,0,1,0,0
1353,1,1,0,1,1,1
1354,1,0,0,0,0,0
1355,1,1,1,0,0,1
1356,1,0,1,0,1,1
1357,1,0,0,0,0,0
1358,0,0,1,0,0,0
1359,0,0,1,0,1,1
1360,1,1,1,1,1,1
1361,1,1,0,0,1,0
1362,0,0,0,0,1,0
1363,0,0,1,1,0,0
1364,0,0,0,1,1,1
1365,0,0,0,0,1,1
1366,0,0,0,0,0,1
1367,0,0,0,0,1,0
1368,0,0,0,0,1,0
1369,1,0,1,0,0,1
1370,0,0,0,0,1,1
1371,0,0,0,0,1,0
1372,0,0,0,0,1,0
1373,1,0,1,0,0,0
1374,0,0,0,0,1,1
1375,0,0,1,1,0,0
1376,1,0,0,0,0,0
1377,1,0,0,0,0,0
1378,1,0,0,1,0,0
1379,1,0,0,0,0,0
1380,1,0,0,0,0,0
1381,0,0,1,0,0,0
1382,1,0,0,0,0,1
1383,1,0,0,0,1,1
1384,1,0,0,0,0,0
1385,0,0,1,0,0,0
1386,1,0,1,0,1,1
1387,0,0,0,1,0,0
1388,0,0,0,1,1,1
1389,1,0,0,0,0,0
1390,1,0,0,1,1,0
1391,0,0,0,1,1,1
1392,0,0,0,0,0,1
1393,0,1,1,1,1,1
1394,0,0,0,0,1,1
1395,1,0,0,0,0,0
1396,1,0,0,0,0,0
1397,1,0,0,0,0,0
1398,0,0,1,1,0,1
1399,0,0,1,0,0,0
1400,1,0,0,0,0,0
1401,1,0,0,1,0,0
1402,0,1,0,0,0,0
1403,0,1,0,0,0,0
1404,0,0,0,0,1,1
1405,0,1,0,0,0,0
1406,0,0,1,0,1,0
1407,0,0,1,0,1,0
1408,0,0,1,0,0,0
1409,0,0,1,0,0,0
1410,1,0,1,0,0,0
1411,1,0,0,0,0,0
1412,1,0,1,0,0,0
1413,1,0,1,1,1,1
1414,0,0,1,0,0,1
1415,1,0,0,0,0,0
1416,0,1,1,0,0,0
1417,1,0,0,0,0,0
1418,0,0,1,0,1,1
1419,1,0,0,1,1,0
1420,1,0,0,0,1,1
1421,1,0,0,0,0,0
1422,0,0,1,0,0,1
1423,0,1,0,0,1,1
1424,1,0,0,0,0,0
1425,0,0,1,0,0,0
1426,1,0,1,0,1,1
1427,0,0,1,0,0,0
1428,1,0,1,1,1,0
1429,1,0,0,0,0,0
1430,1,0,0,0,0,0
1431,1,0,1,1,1,1
1432,1,0,1,0,1,1
1433,1,0,1,0,0,0
1434,0,0,1,0,0,1
1435,1,1,1,0,1,1
1436,0,0,0,0,0,1
1437,0,1,0,0,0,0
1438,1,0,0,0,0,1
1439,0,0,0,0,1,1
1440,1,1,1,1,0,0
1441,1,0,0,1,0,0
1442,0,0,0,1,0,0
1443,0,0,0,0,1,1
1444,0,1,0,1,0,0
1445,1,0,0,1,1,1
1446,1,1,1,1,1,1
1447,1,0,1,0,1,0
1448,1,1,0,1,1,1
1449,0,0,0,1,0,0
1450,1,1,1,1,1,1
1451,0,0,0,0,1,1
1452,1,1,0,1,1,1
1453,0,0,1,0,0,0
1454,1,1,0,1,1,1
1455,0,0,0,1,1,1
1456,0,1,0,0,0,0
1457,0,1,0,0,0,0
1458,1,1,1,1,1,1
1459,1,1,1,1,1,1
1460,0,0,0,0,0,1
1461,1,1,1,1,1,1
1462,1,1,1,1,1,1
1463,0,1,1,0,1,1
1464,1,1,0,1,1,1
1465,1,1,0,1,1,1
1466,1,0,1,1,1,1
1467,0,0,0,0,1,1
1468,1,0,1,1,1,1
1469,0,1,0,0,0,0
1470,0,1,0,0,0,0
1471,0,1,0,0,0,0
1472,0,0,1,0,0,0
1473,0,0,0,0,0,1
1474,1,1,0,1,1,1
1475,0,1,0,1,1,1
1476,1,1,1,1,1,1
1477,1,1,0,1,1,1
1478,1,1,0,1,1,0
1479,0,0,0,0,0,1
1480,0,0,0,1,1,1
1481,1,1,0,1,1,1
1482,0,1,0,1,1,1
1483,1,1,1,1,1,0
1484,0,0,0,0,1,1
1485,1,1,1,1,1,1
1486,0,1,0,1,0,0
1487,0,1,1,0,0,0
1488,0,0,0,1,1,1
1489,0,1,1,1,1,1
1490,1,1,1,1,1,1
1491,1,1,1,1,1,1
1492,1,1,1,1,1,1
1493,1,1,1,1,1,1
1494,1,0,0,0,0,0
1495,1,0,1,0,0,0
1496,1,1,1,1,1,1
1497,0,0,0,0,1,0
1498,1,1,0,1,1,1
1499,1,1,1,1,1,1
1500,1,1,1,1,1,1
1501,1,1,1,1,1,1
1502,1,1,0,1,1,1
1503,1,1,1,1,1,1
1504,0,0,1,0,1,1
1505,1,1,1,1,1,1
1506,1,1,1,1,1,1
1507,0,1,1,1,1,1
1508,1,1,1,1,1,1
1509,1,1,0,1,1,1
1510,1,1,0,1,1,1
1511,0,0,0,0,0,1
1512,0,1,1,1,1,1
1513,1,1,0,1,1,1
1514,1,0,1,0,0,1
1515,1,0,1,0,0,1
1516,0,1,1,1,1,1
1517,0,1,0,1,1,1
1518,1,1,1,1,1,0
1519,0,0,0,0,0,1
1520,0,0,0,0,0,1
1521,0,1,0,0,0,0
1522,0,0,0,0,1,0
1523,0,1,0,0,0,0
1524,0,1,0,0,0,0
1525,1,1,1,1,1,1
1526,1,1,0,1,1,1
1527,0,0,1,0,0,0
1528,0,0,1,0,0,0
1529,0,0,0,1,0,0
1530,0,1,0,0,0,0
1531,1,0,0,1,1,1
1532,1,1,1,0,1,1
1533,0,0,1,0,1,1
1534,0,1,0,0,0,0
1535,0,0,0,0,0,1
1536,1,1,0,1,0,1
1537,0,1,0,0,0,0
1538,1,1,1,1,1,0
1539,1,1,1,1,1,1
1540,0,0,0,0,0,1
1541,0,0,0,1,1,1
1542,1,0,0,1,1,1
1543,1,1,1,0,1,1
1544,0,0,1,0,0,0
1545,1,1,1,1,1,1
1546,1,1,1,1,1,1
1547,1,0,0,1,1,1
1548,1,1,0,1,1,1
1549,0,1,1,1,1,1
1550,1,1,0,0,1,1
1551,0,0,0,1,0,0
1552,0,0,0,1,0,0
1553,1,0,0,1,1,1
1554,1,0,1,0,0,0
1555,0,0,0,0,1,1
1556,1,1,1,1,1,1
1557,0,0,0,0,0,1
1558,1,1,1,1,1,1
1559,0,0,0,1,0,0
1560,0,0,0,0,1,1
1561,0,0,0,0,1,1
1562,1,1,1,1,1,1
1563,1,1,1,1,1,1
1564,1,1,0,1,1,1
1565,0,0,0,1,0,0
1566,0,0,0,0,1,1
1567,0,1,0,0,0,0
1568,0,0,1,0,0,0
1569,1,1,1,1,1,1
1570,0,0,0,1,0,0
1571,1,0,1,1,0,0
1572,1,1,1,1,1,1
1573,1,1,1,1,1,1
1574,1,1,1,1,1,1
1575,1,1,1,1,1,1
1576,1,0,0,1,1,0
1577,0,0,0,0,0,1
1578,1,1,1,1,0,1
1579,0,1,0,0,0,0
1580,0,0,1,0,0,1
1581,0,0,0,1,1,1
1582,0,0,0,0,0,1
1583,0,1,0,0,0,0
1584,0,0,0,0,1,1
1585,0,1,1,1,0,0
1586,0,1,1,0,0,0
1587,0,1,0,1,1,1
1588,1,1,0,1,1,1
1589,0,1,1,1,1,1
1590,1,1,0,1,1,1
1591,0,0,0,0,0,1
1592,0,1,0,1,1,1
1593,0,0,1,0,1,0
1594,0,0,0,0,0,1
1595,0,0,1,0,0,0
1596,0,0,0,0,0,1
1597,1,0,0,0,0,0
1598,1,0,1,0,0,0
1599,0,0,0,0,0,1
1600,0,0,0,0,1,0
1601,0,0,0,0,0,1
1602,0,0,0,0,1,0
1603,1,0,0,0,1,0
1604,1,0,0,0,0,0
1605,1,0,0,0,0,0
1606,1,0,0,0,0,0
1607,1,0,0,0,0,1
1608,1,0,1,1,0,1
1609,1,0,0,1,0,1
1610,0,0,0,0,1,0
1611,0,0,1,0,0,0
1612,0,0,1,0,0,0
1613,1,0,0,0,0,0
1614,1,0,0,0,0,0
1615,0,0,1,0,1,0
1616,0,0,1,0,1,0
1617,1,1,0,0,0,1
1618,1,1,1,1,0,0
1619,0,0,0,0,1,0
1620,0,1,0,0,0,1
1621,1,0,0,1,0,1
1622,0,0,0,0,1,0
1623,1,0,0,0,0,0
1624,1,0,0,0,0,0
1625,1,0,1,0,0,0
1626,1,0,0,0,1,0
1627,1,0,0,0,0,1
1628,1,0,0,0,0,0
1629,0,0,1,0,0,0
1630,0,0,1,0,0,0
1631,1,0,0,0,0,0
1632,0,0,0,0,1,0
1633,1,0,1,0,0,1
1634,0,0,1,0,0,0
1635,0,0,0,0,1,0
1636,1,0,1,1,0,1
1637,1,0,0,0,0,0
1638,1,0,0,0,0,0
1639,0,0,0,0,1,0
1640,1,1,1,1,0,1
1641,0,0,1,0,0,0
1642,0,0,0,1,0,0
1643,0,0,0,0,1,0
1644,0,1,1,0,0,0
1645,0,0,0,0,0,1
1646,1,0,1,0,0,0
1647,0,0,1,0,0,0
1648,1,0,1,0,0,1
1649,0,0,0,0,1,0
1650,0,0,1,1,0,0
1651,1,0,0,0,0,1
1652,1,0,0,0,0,0
1653,1,0,0,1,0,1
1654,0,0,0,0,1,0
1655,0,0,0,0,1,0
1656,0,0,0,0,1,0
1657,0,1,0,0,0,0
1658,0,0,0,0,1,0
1659,1,1,1,0,0,1
1660,1,0,0,0,0,0
1661,0,0,0,0,1,0
1662,1,0,0,0,0,0
1663,1,0,0,0,0,0
1664,0,0,0,1,0,1
1665,0,0,0,0,0,1
1666,0,0,0,0,1,0
1667,1,0,0,0,0,1
1668,0,0,0,0,1,0
1669,0,0,0,0,1,0
1670,0,0,1,0,0,0
1671,0,0,0,0,0,1
1672,0,0,0,0,1,0
1673,1,1,1,1,0,1
1674,0,0,0,0,0,1
1675,0,0,0,0,0,1
1676,0,0,0,0,1,0
1677,1,0,0,0,0,1
1678,0,1,0,0,0,0
1679,1,0,0,0,0,0
1680,0,0,0,0,1,0
1681,1,0,0,0,0,0
1682,1,0,0,0,0,1
1683,1,0,0,0,0,0
1684,1,0,1,1,0,0
1685,0,0,0,0,1,0
1686,0,1,1,0,0,1
1687,0,1,0,0,0,0
1688,1,0,0,0,0,0
1689,1,0,0,0,0,0
1690,0,1,1,0,1,1
1691,0,0,0,0,1,0
1692,0,0,1,0,0,0
1693,0,0,0,0,1,0
1694,0,0,1,0,0,1
1695,0,0,0,0,0,1
1696,0,0,0,0,0,1
1697,0,0,1,0,0,1
1698,0,0,1,0,0,0
1699,0,0,1,0,0,1
1700,0,0,0,0,1,0
1701,0,0,0,0,1,0
1702,0,0,0,0,0,1
1703,0,0,0,0,0,1
1704,1,1,0,1,0,0
1705,1,0,0,0,0,0
1706,0,0,0,1,0,0
1707,0,0,0,0,1,0
1708,1,0,0,0,0,1
1709,0,0,1,0,0,0
1710,0,0,1,1,0,0
1711,0,1,0,0,0,0
1712,0,0,0,0,0,1
1713,0,0,0,0,1,0
1714,1,0,1,1,0,1
1715,0,0,0,0,1,0
1716,1,0,0,0,0,0
1717,0,0,0,0,0,1
1718,1,0,1,0,0,0
1719,0,0,0,0,1,0
1720,1,1,1,1,0,1
1721,1,0,0,1,0,0
1722,1,0,0,0,0,0
1723,1,1,1,1,0,1
1724,0,0,0,0,0,1
1725,0,0,1,0,0,0
1726,1,0,0,0,0,0
1727,0,0,0,0,1,0
1728,0,0,0,1,0,1
1729,0,0,1,0,0,0
1730,1,0,0,0,0,0
1731,1,0,1,0,0,0
1732,0,0,0,0,1,1
1733,0,0,1,0,1,1
1734,0,0,0,0,1,0
1735,1,1,0,1,0,1
1736,0,0,0,0,1,0
1737,0,1,0,1,0,1
1738,0,0,0,0,1,0
1739,0,1,1,1,0,1
1740,0,0,0,0,1,0
1741,0,1,0,1,0,1
1742,0,0,0,0,1,0
1743,1,0,0,1,0,1
1744,1,0,0,0,0,0
1745,0,0,0,1,0,1
1746,0,0,0,0,0,1
1747,1,0,0,0,0,0
1748,0,0,1,0,1,0
1749,1,1,1,1,0,1
1750,1,0,0,0,0,0
1751,1,1,1,1,0,1
1752,0,0,0,0,1,0
1753,1,1,1,1,0,1
1754,1,1,1,1,0,1
1755,0,0,0,0,1,0
1756,0,0,0,0,1,0
1757,0,0,1,0,0,1
1758,0,0,0,0,1,0
1759,0,0,0,1,0,1
1760,0,0,0,0,0,1
1761,1,1,1,1,0,1
1762,0,0,0,0,1,0
1763,0,0,1,0,0,0
1764,1,1,1,1,0,0
1765,0,0,0,0,1,0
1766,0,1,1,1,0,1
1767,0,0,0,0,1,0
1768,0,0,1,0,0,0
1769,0,0,0,1,0,0
1770,0,0,0,1,0,0
1771,0,0,0,0,0,1
1772,1,1,1,1,0,0
1773,1,1,1,1,0,1
1774,0,0,0,0,1,0
1775,0,0,0,0,1,0
1776,0,1,1,1,0,1
1777,0,0,0,0,1,0
1778,1,1,1,1,0,1
1779,0,0,0,0,1,0
1780,1,1,0,0,0,1
1781,1,1,1,1,0,1
1782,0,1,1,1,1,0
1783,0,0,0,1,0,0
1784,1,1,0,1,1,1
1785,1,1,0,1,1,0
1786,1,1,0,1,1,1
1787,0,0,1,0,0,0
1788,0,0,1,0,0,0
1789,1,0,0,0,0,0
1790,0,0,0,0,0,1
1791,0,0,0,1,0,0
1792,0,1,1,1,1,1
1793,1,1,1,1,1,1
1794,0,0,0,0,1,1
1795,1,1,1,1,1,1
1796,1,1,1,0,0,0
1797,0,1,1,1,1,0
1798,1,1,1,1,1,0
1799,1,1,1,1,1,1
1800,0,0,0,0,1,0
1801,0,0,1,1,1,1
1802,0,0,1,0,0,0
1803,0,1,0,0,1,1
1804,1,1,0,1,1,1
1805,1,0,0,1,1,1
1806,1,0,0,1,1,1
1807,0,1,0,0,1,1
1808,1,1,0,1,1,1
1809,1,1,1,1,1,1
1810,1,1,1,1,0,1
1811,0,0,0,0,1,1
1812,1,1,1,1,1,0
1813,0,1,1,1,0,1
1814,1,0,0,0,1,0
1815,1,0,0,0,1,0
1816,1,1,1,1,1,1
1817,1,1,1,1,1,1
1818,0,1,0,0,0,0
1819,1,1,1,1,1,1
1820,1,1,1,1,1,1
1821,0,1,0,0,0,0
1822,1,1,1,1,1,0
1823,0,0,0,0,0,1
1824,0,0,0,0,0,1
1825,1,1,1,1,0,0
1826,0,0,0,0,0,1
1827,0,0,0,0,1,0
1828,0,1,1,1,1,1
1829,0,0,0,0,1,0
1830,0,0,0,0,1,0
1831,0,0,0,0,1,0
1832,0,0,1,0,0,0
1833,1,1,1,1,1,1
1834,0,0,0,1,0,1
1835,1,1,1,1,1,1
1836,0,1,1,1,0,0
1837,1,1,1,1,1,1
1838,0,0,0,0,1,0
1839,1,1,1,1,1,1
1840,1,1,1,1,1,1
1841,1,1,1,1,1,1
1842,0,1,1,1,1,1
1843,0,0,0,0,0,1
1844,0,0,0,0,1,1
1845,0,1,0,1,0,0
1846,0,1,0,1,0,0
1847,1,1,1,1,1,1
1848,0,0,0,0,1,0
1849,1,1,1,1,0,0
1850,1,0,1,1,0,1
1851,0,0,0,0,1,0
1852,0,0,0,0,1,0
1853,1,1,1,1,0,1
1854,1,1,1,1,1,1
1855,1,1,1,1,1,1
1856,0,0,0,0,0,1
1857,0,1,0,1,1,0
1858,1,0,0,0,0,1
1859,1,0,0,0,0,1
1860,0,0,0,0,0,1
1861,1,1,0,0,1,1
1862,0,1,1,0,1,0
1863,1,0,0,0,0,0
1864,1,0,1,0,1,1
1865,1,0,0,0,1,1
1866,0,0,1,0,1,1
1867,1,0,0,1,0,1
1868,1,0,0,0,0,0
1869,0,0,0,0,1,1
1870,0,0,1,0,1,1
1871,0,0,0,0,1,1
1872,0,0,0,1,1,1
1873,0,0,0,1,1,1
1874,1,0,1,0,0,0
1875,1,0,1,1,1,1
1876,1,0,0,0,0,0
1877,1,0,0,0,0,0
1878,0,0,0,0,1,1
1879,1,1,0,1,1,1
1880,1,0,1,0,0,0
1881,1,0,0,0,0,0
1882,0,0,1,0,0,0
1883,0,0,1,0,0,0
1884,1,0,0,0,0,0
1885,1,0,0,0,0,0
1886,1,0,0,0,0,0
1887,0,0,0,0,1,0
1888,1,0,0,0,0,0
1889,1,0,0,0,1,0
1890,0,0,1,0,0,0
1891,0,0,1,0,0,0
1892,0,0,1,0,0,0
1893,1,0,1,0,1,1
1894,1,0,0,0,0,0
1895,0,0,1,1,1,1
1896,1,0,0,0,0,0
1897,1,0,0,0,0,0
1898,1,1,0,1,1,1
1899,1,0,0,0,0,0
1900,1,0,0,1,0,0
1901,1,0,1,0,1,1
1902,1,0,1,0,0,1
1903,1,0,1,0,0,0
1904,1,0,0,0,0,0
1905,0,0,1,0,0,0
1906,1,0,0,0,1,0
1907,1,0,0,0,0,0
1908,0,0,0,1,1,1
1909,0,0,0,0,1,1
1910,0,0,1,0,0,0
1911,1,0,1,0,0,0
1912,1,0,0,0,0,0
1913,1,1,1,1,0,0
1914,0,0,1,0,0,0
1915,1,0,0,0,0,0
1916,0,0,1,0,0,0
1917,0,0,0,1,0,1
1918,1,0,0,0,1,1
1919,0,0,0,0,1,0
1920,1,0,0,0,0,0
1921,1,1,0,0,0,0
1922,0,1,0,1,1,1
1923,0,0,1,0,1,1
1924,1,1,0,1,1,1
1925,0,0,0,0,1,1
1926,1,0,0,0,0,1
1927,0,0,0,0,0,1
1928,0,0,1,0,0,0
1929,0,0,1,0,0,0
1930,0,0,1,0,0,0
1931,0,1,0,1,1,1
1932,0,1,0,0,0,0
1933,0,0,1,0,0,0
1934,1,1,1,1,1,1
1935,1,1,1,1,1,1
1936,0,1,1,0,0,0
1937,1,0,0,0,1,1
1938,1,1,1,0,1,1
1939,0,1,0,0,0,0
1940,0,0,0,0,1,1
1941,1,1,1,1,1,1
1942,1,1,1,1,1,1
1943,1,0,0,0,0,0
1944,0,1,1,0,1,1
1945,0,1,0,1,1,1
1946,1,1,1,1,1,1
1947,0,1,1,1,1,1
1948,1,1,0,0,1,1
1949,1,1,1,1,1,1
1950,1,1,1,1,1,1
1951,1,1,1,1,1,1
1952,1,1,1,1,1,1
1953,1,1,1,1,1,1
1954,0,0,0,1,1,1
1955,1,1,1,0,0,0
1956,0,1,1,0,0,0
1957,0,1,1,1,1,1
1958,0,0,0,0,1,0
1959,0,0,0,0,1,1
1960,0,0,0,1,1,0
1961,0,1,1,1,1,0
1962,1,0,0,0,0,1
1963,1,0,0,0,0,1
1964,1,1,0,1,1,1
1965,0,0,0,1,1,1
1966,0,0,1,0,0,0
1967,1,1,1,1,1,1
1968,0,0,1,1,1,1
1969,0,0,1,0,1,0
1970,1,1,1,0,1,0
1971,1,1,1,1,1,0
1972,1,1,0,1,1,1
1973,1,0,0,0,0,0
1974,1,1,1,1,1,1
1975,1,1,0,1,1,1
1976,0,0,1,0,0,0
1977,1,1,0,1,0,1
1978,0,0,1,0,0,1
1979,1,0,0,1,0,1
1980,0,0,0,1,0,0
1981,0,0,1,0,0,0
1982,1,0,0,0,0,0
1983,0,0,1,0,0,0
1984,0,0,1,0,0,0
1985,1,0,1,0,0,0
1986,0,1,0,0,1,0
1987,1,1,0,0,0,0
1988,1,1,1,1,1,1
1989,1,1,0,1,1,1
1990,1,0,0,0,0,0
1991,1,0,0,0,0,0
1992,1,0,0,0,0,0
1993,1,0,0,0,0,0
1994,1,0,0,0,0,0
1995,1,0,0,1,0,0
1996,1,0,0,0,0,0
1997,1,0,0,0,0,0
1998,1,1,0,1,1,1
1999,1,0,0,0,0,0
2000,1,0,1,1,1,1
2001,0,0,0,0,0,1
2002,1,0,1,1,0,1
2003,1,1,0,0,0,1
2004,1,0,0,0,0,0
2005,1,0,0,0,0,0
2006,0,1,0,0,0,0
2007,1,0,0,0,0,0
2008,1,0,0,0,1,1
2009,0,0,0,0,0,1
2010,0,0,0,0,1,1
2011,0,1,1,0,1,0
2012,1,0,0,0,0,0
2013,1,0,0,0,0,0
2014,0,0,0,0,0,1
2015,0,1,0,0,0,0
2016,1,0,0,0,0,0
2017,0,0,0,0,1,1
2018,0,0,0,1,0,0
2019,1,0,0,0,0,0
2020,1,0,0,0,0,0
2021,1,0,0,0,0,0
2022,0,0,0,0,1,1
2023,1,0,1,1,0,0
2024,1,0,0,0,0,0
2025,0,0,0,1,0,0
2026,0,0,0,0,1,0
2027,0,0,0,0,1,1
2028,1,0,0,0,0,0
2029,1,0,0,0,0,0
2030,1,0,0,0,0,0
2031,1,0,0,0,0,0
2032,1,0,0,0,0,0
2033,1,0,0,0,0,0
2034,1,0,0,0,0,0
2035,0,0,0,0,0,1
2036,0,0,0,0,1,1
2037,1,0,0,0,0,0
2038,1,0,0,0,0,0
2039,1,0,1,1,1,1
2040,1,0,0,0,0,1
2041,1,0,0,0,0,1
2042,0,0,1,0,0,0
2043,0,0,0,0,0,1
2044,1,0,0,0,0,0
2045,1,0,0,1,0,0
2046,0,1,0,0,0,0
2047,1,0,0,0,0,0
2048,1,0,0,0,0,0
2049,1,0,0,0,0,0
2050,1,0,0,0,0,0
2051,0,0,0,1,1,1
2052,0,0,0,1,0,0
2053,1,1,1,0,0,0
2054,0,0,1,0,0,0
2055,1,0,1,1,1,1
2056,1,0,0,0,0,1
2057,1,0,0,0,0,0
2058,1,0,1,0,0,0
2059,1,0,0,1,1,1
2060,0,0,0,0,0,1
2061,1,0,1,0,0,1
2062,0,1,0,0,0,0
2063,1,0,0,0,0,0
2064,0,1,0,0,0,0
2065,0,0,0,0,1,1
2066,1,0,0,0,0,0
2067,0,0,1,0,0,0
2068,0,0,0,0,1,1
2069,0,0,0,0,1,0
2070,1,0,0,0,0,0
2071,0,0,0,0,1,1
2072,1,0,0,0,0,0
2073,1,0,1,0,0,0
2074,0,1,1,1,0,0
2075,1,0,0,0,0,0
2076,1,0,0,1,0,0
2077,1,0,1,1,1,1
2078,1,0,1,0,1,1
2079,1,1,0,1,1,1
2080,0,0,0,0,0,1
2081,0,0,0,0,0,1
2082,0,0,1,0,0,0
2083,1,0,0,0,1,1
2084,0,0,0,0,0,1
2085,1,0,0,0,0,0
2086,0,0,0,0,0,1
2087,1,0,0,0,0,0
2088,0,0,0,0,0,1
2089,1,0,0,0,0,0
2090,1,0,1,0,1,1
2091,0,1,1,1,1,1
2092,0,0,1,0,0,0
2093,1,0,0,0,0,0
2094,1,0,0,0,0,0
2095,0,0,0,0,0,1
2096,1,0,0,0,0,0
2097,1,0,0,0,0,0
2098,0,0,1,0,0,0
2099,1,0,0,0,0,0
2100,1,0,0,0,0,0
2101,1,0,0,0,0,0
2102,0,0,0,0,0,1
2103,1,0,1,1,0,0
2104,1,0,0,0,0,0
2105,1,0,0,0,1,0
2106,1,0,0,0,0,0
2107,0,0,0,0,0,1
2108,0,0,0,0,0,1
2109,1,0,1,0,0,0
2110,1,0,0,0,0,0
2111,0,0,1,0,0,0
2112,0,1,0,0,0,0
2113,1,0,0,0,0,0
2114,0,0,0,0,1,0
2115,1,0,1,0,0,1
2116,1,1,1,1,1,1
2117,1,1,1,1,1,1
2118,1,1,1,1,1,1
2119,1,0,0,1,1,1
2120,1,1,1,1,0,1
2121,0,0,1,0,0,0
2122,1,0,0,0,0,0
2123,1,0,0,0,0,0
2124,0,0,1,0,0,0
2125,1,0,1,0,0,1
2126,1,0,0,1,0,0
2127,1,0,1,1,1,1
2128,1,0,0,0,0,0
2129,1,1,1,0,1,1
2130,1,1,1,1,1,1
2131,1,0,0,1,1,1
2132,1,0,0,0,0,0
2133,1,0,0,0,1,1
2134,0,0,1,0,0,0
2135,0,1,0,1,1,1
2136,0,0,0,0,0,1
2137,1,0,0,0,0,0
2138,0,0,0,0,1,1
2139,1,0,0,0,1,1
2140,0,0,1,0,0,0
2141,1,0,1,0,1,1
2142,1,0,0,0,0,0
2143,0,0,0,1,0,0
2144,1,1,0,0,0,0
2145,0,0,0,1,0,0
2146,0,0,1,1,1,1
2147,0,0,0,1,0,0
2148,1,0,0,0,1,1
2149,0,0,1,0,0,0
2150,1,1,0,1,1,1
2151,0,0,1,1,0,0
2152,1,0,0,0,0,0
2153,0,1,0,1,1,1
2154,0,1,1,1,1,1
2155,0,0,0,0,0,1
2156,0,0,1,0,0,0
2157,0,0,1,0,0,0
2158,0,0,0,0,0,1
2159,1,0,0,0,0,0
2160,0,0,1,0,0,0
2161,1,0,0,0,0,0
2162,0,0,1,0,0,0
2163,0,0,0,0,1,0
2164,1,0,0,0,0,0
2165,0,0,0,0,0,1
2166,0,0,0,0,0,1
2167,0,0,1,0,0,0
2168,1,0,0,0,0,0
2169,0,0,0,0,0,1
2170,0,0,1,1,0,0
2171,1,0,0,0,1,1
2172,1,0,0,0,1,1
2173,1,0,0,0,0,0
2174,1,0,1,1,1,1
2175,1,0,0,0,0,0
2176,1,0,0,0,0,1
2177,0,0,0,1,0,0
2178,1,0,0,0,0,0
2179,0,0,0,0,0,1
2180,0,0,0,0,0,1
2181,1,0,0,1,0,1
2182,1,0,0,0,0,1
2183,1,1,0,1,1,1
2184,1,0,0,0,0,0
2185,0,0,0,0,0,1
2186,0,0,1,0,0,0
2187,1,0,0,1,1,0
2188,0,0,0,0,0,1
2189,0,0,0,1,0,0
2190,1,0,0,0,0,0
2191,0,1,0,0,0,0
2192,0,1,0,0,0,0
2193,0,0,0,0,1,0
2194,0,1,0,0,0,0
2195,1,1,0,1,1,1
2196,0,1,1,0,0,0
2197,0,0,1,0,0,0
2198,0,0,0,1,1,1
2199,0,0,0,1,0,0
2200,0,1,0,1,0,0
2201,1,0,0,0,1,1
2202,0,1,0,0,0,0
2203,0,0,1,0,0,0
2204,1,0,0,0,0,0
2205,0,1,0,0,1,1
2206,0,0,1,1,1,1
2207,0,0,0,1,1,1
2208,0,0,0,0,1,1
2209,0,1,0,0,0,0
2210,0,0,0,1,1,1
2211,0,0,0,0,1,1
